{"schemaVersion":"1.0","appDefinitionTemplate":{"id":"/providers/Microsoft.PowerApps/apps/","type":"Microsoft.PowerApps/apps","tags":{"primaryDeviceWidth":"640","primaryDeviceHeight":"1136","sienaVersion":"20200914T135313Z-3.20085.19.0","deviceCapabilities":"","supportsPortrait":"true","supportsLandscape":"false","primaryFormFactor":"Phone","publisherVersion":"3.20085.19","minimumRequiredApiVersion":"2.2.0","hasComponent":"false","hasUnlockedComponent":"false","isUnifiedRootApp":"false"},"properties":{"appVersion":"2020-09-14T13:53:13Z","lifeCycleId":"Published","createdByClientVersion":{"major":3,"minor":20085,"build":19,"revision":0,"majorRevision":0,"minorRevision":0},"minClientVersion":{"major":3,"minor":20085,"build":19,"revision":0,"majorRevision":0,"minorRevision":0},"backgroundColor":"rgba(0, 176, 240, 1)","backgroundImageUri":"/10896863272041808862/N9ffeb9d0-5b92-4553-81df-8ddec47cf6e4-logoSmallFile","displayName":"FindIT","description":"","commitMessage":"","appUris":{"documentUri":{"value":"/10896863272041808862/Nd5c405f7-6791-4775-ab5a-42f16f567236-document.msapp","readonlyValue":"/10896863272041808862/Nd5c405f7-6791-4775-ab5a-42f16f567236-document.msapp"},"imageUris":[]},"createdTime":"0001-01-01T00:00:00Z","lastModifiedTime":"0001-01-01T00:00:00Z","sharedGroupsCount":0,"sharedUsersCount":0,"icons":{"smallIconUri":"/10896863272041808862/N6d591855-c023-4425-b045-4e1b6c417d45-small.png","mediumIconUri":"/10896863272041808862/N3708cfc3-853e-42a7-a623-b702723dc944-medium.png","largeIconUri":"/10896863272041808862/Nb165b592-a6b2-4729-871a-e342a01ab72d-large.png","wideIconUri":"/10896863272041808862/Nce6783cd-4d1c-4514-8a69-d2a1ae203d8b-wide.png"},"connectionReferences":{"1d84bb86-34bf-4142-961b-9e80da23701b":{"id":"381c16d0-9e55-402d-ab09-4929f0230b72","displayName":"Excel","iconUri":"https://connectoricons-prod.azureedge.net/excel/icon_1.0.1352.2014.png","dataSources":["Table1"],"dependencies":["a356b14b-27c4-49de-b52a-2ab5ac708bf3"],"dependents":[],"parameterHints":{"a356b14b-27c4-49de-b52a-2ab5ac708bf3":{"value":"fileSource"}},"isOnPremiseConnection":false,"bypassConsent":false,"dataSets":{"b!Iwu3lwTcLEKgyV5tyIMuINJM8M_BweJFvS0Z4J9tmPywvkIyOPsrTZl9PvDnxK5I.01EALDC4XIWLLOMZV3NVGI4VHPAJHS2BED":{"dataSources":{"Table1":{"tableName":"Table1"}}}},"apiTier":"Standard","isCustomApiConnection":false},"a356b14b-27c4-49de-b52a-2ab5ac708bf3":{"id":"024ca24e-e939-44d4-91c6-f36379985446","displayName":"OneDrive for Business","iconUri":"https://connectoricons-prod.azureedge.net/onedriveforbusiness/icon_1.0.1341.1987.png","dataSources":[],"dependencies":[],"dependents":["1d84bb86-34bf-4142-961b-9e80da23701b"],"parameterHints":{},"isOnPremiseConnection":false,"bypassConsent":false,"dataSets":{},"apiTier":"Standard","isCustomApiConnection":false}},"databaseReferences":{},"almMode":"Environment","performanceOptimizationEnabled":true,"canConsumeAppPass":true},"isAppComponentLibrary":false,"appType":"ClassicCanvasApp","appComponents":[]}}